{"cameraMode":{"drawMode":0,"name":"Shaded","section":"Shading Mode"},"sceneLighting":false,"audioPlay":false,"sceneViewState":{"showFog":false,"showMaterialUpdate":false,"showSkybox":false,"showFlares":false,"showImageEffects":false,"showParticleSystems":true},"in2DMode":false,"pivot":{"x":-0.1614990234375,"y":0.273193359375,"z":-0.210205078125},"rotation":{"x":-0.1306007355451584,"y":0.8622800707817078,"z":-0.28127408027648928,"w":-0.4003766179084778},"size":1.2927875518798829,"orthographic":true}