{"cameraMode":{"drawMode":0,"name":"Shaded","section":"Shading Mode"},"sceneLighting":true,"audioPlay":false,"sceneViewState":{"showFog":false,"showMaterialUpdate":false,"showSkybox":false,"showFlares":false,"showImageEffects":false,"showParticleSystems":true},"in2DMode":false,"pivot":{"x":-57.711280822753909,"y":-7.098941802978516,"z":278.07562255859377},"rotation":{"x":-0.21761271357536317,"y":0.48556098341941836,"z":-0.12646269798278809,"w":-0.8373074531555176},"size":92.34965515136719,"orthographic":false}