{"cameraMode":{"drawMode":0,"name":"Shaded","section":"Shading Mode"},"sceneLighting":false,"audioPlay":false,"sceneViewState":{"showFog":false,"showMaterialUpdate":false,"showSkybox":false,"showFlares":false,"showImageEffects":false,"showParticleSystems":true},"in2DMode":false,"pivot":{"x":9.5367431640625e-7,"y":25.796092987060548,"z":17.391271591186525},"rotation":{"x":-0.12316190451383591,"y":-0.6643380522727966,"z":0.11222953349351883,"w":-0.7286871075630188},"size":209.65773010253907,"orthographic":false}