{"cameraMode":{"drawMode":0,"name":"Shaded","section":"Shading Mode"},"sceneLighting":true,"audioPlay":false,"sceneViewState":{"showFog":false,"showMaterialUpdate":false,"showSkybox":false,"showFlares":false,"showImageEffects":false,"showParticleSystems":true},"in2DMode":false,"pivot":{"x":-197.7296142578125,"y":12.192316055297852,"z":62.966793060302737},"rotation":{"x":-0.13087372481822968,"y":-0.3979189991950989,"z":0.05741282179951668,"w":-0.9062665700912476},"size":20.678295135498048,"orthographic":false}